<?xml version='1.0' encoding='UTF-8' ?><!--
Created by Alight Motion (http://alightmotion.com)
Exported: 2024-06-21 12:53 PM
5.0.38.102932 (102367)
6f0d47a (25 Mei 2023 11.14.20 PM)
-->
<scene title="New Project 100 Copy" width="1920" height="1080" exportWidth="1920" exportHeight="1080" precompose="dynamicResolution" bgcolor="#ff000000" totalTime="2032" fps="30" modifiedTime="1718949207208" amver="102367" ffver="106" am="com.alightcreative.motion/5.0.38.102932" amplatform="android" retime="freeze" retimeAdaptFPS="false">
  <shape id="10065113" label="Rectangle 1 Copy" startTime="0" endTime="2032" fillType="color" mediaFillMode="fill" s=".rect">
    <transform>
      <location value="960.000000,540.000000,0.000000" />
      <scale value="7.578950,0.600890" />
    </transform>
    <fillColor value="#fff3f5e8" />
    <property name="size" type="vec2" value="126.666626,898.666626" />
  </shape>
  <shape id="10065098" label="Rectangle 1" startTime="0" endTime="2032" fillType="color" mediaFillMode="fill" s=".rect">
    <transform>
      <location value="44.500000,540.000000,0.000000" />
    </transform>
    <fillColor value="#fff3f5e8" />
    <path-stroke direction="centered" end-size="1.500000">
      <color value="#ff3f6a29" />
      <size value="3.000000" />
    </path-stroke>
    <property name="size" type="vec2" value="473.333282,898.666626" />
  </shape>
  <shape id="10065111" label="Rounded Rectangle 1" startTime="0" endTime="2032" fillType="color" mediaFillMode="fill" s=".roundrect">
    <transform>
      <location value="212.166626,76.166748,0.000000" />
      <scale value="0.375000,0.375000" />
    </transform>
    <fillColor value="#ffb7f298" />
    <property name="size" type="vec2" value="520.000061,120.999977" />
    <property name="cornerRadius" type="float" value="238.333374" />
  </shape>
  <shape id="10065087" label="notifications_48dp_FILL0_wght400_GRAD0_opsz48.png" startTime="0" endTime="2032" fillType="media" fillImage="content://media/external/images/media/1000089768" mediaFillMode="fill" s=".rect">
    <transform>
      <location value="1622.778809,76.166748,0.000000" />
    </transform>
    <effect id="com.alightcreative.gradientmap" locallyApplied="true">
      <property name="color1" type="color" value="#ff3f6a29" />
      <property name="color2" type="color" value="#ff3f6a29" />
    </effect>
    <property name="size" type="vec2" value="29.333374,29.333374" />
  </shape>
  <shape id="10065155" label="notifications_48dp_FILL0_wght400_GRAD0_opsz48.png Copy 4" startTime="0" endTime="2032" fillType="media" fillImage="content://media/external/images/media/1000092374" mediaFillMode="fill" s=".rect">
    <transform>
      <location value="1384.313599,76.166748,0.000000" />
    </transform>
    <effect id="com.alightcreative.gradientmap" locallyApplied="true">
      <property name="color1" type="color" value="#ff3f6a29" />
      <property name="color2" type="color" value="#ff3f6a29" />
    </effect>
    <property name="size" type="vec2" value="29.333374,29.333374" />
  </shape>
  <shape id="10065153" label="notifications_48dp_FILL0_wght400_GRAD0_opsz48.png Copy 3" startTime="0" endTime="2032" fillType="media" fillImage="content://media/external/images/media/1000090167" mediaFillMode="fill" s=".rect">
    <transform>
      <location value="1504.278809,76.166748,0.000000" />
    </transform>
    <effect id="com.alightcreative.gradientmap" locallyApplied="true">
      <property name="color1" type="color" value="#ff3f6a29" />
      <property name="color2" type="color" value="#ff3f6a29" />
    </effect>
    <property name="size" type="vec2" value="29.333374,29.333374" />
  </shape>
  <shape id="10065089" label="notifications_48dp_FILL0_wght400_GRAD0_opsz48.png Copy 2" startTime="0" endTime="2032" fillType="media" fillImage="content://media/external/images/media/1000091049" mediaFillMode="fill" s=".rect">
    <transform>
      <location value="1735.333496,76.166748,0.000000" />
    </transform>
    <effect id="com.alightcreative.gradientmap" locallyApplied="true">
      <property name="color1" type="color" value="#ff3f6a29" />
      <property name="color2" type="color" value="#ff3f6a29" />
    </effect>
    <property name="size" type="vec2" value="29.333374,29.333374" />
  </shape>
  <shape id="10065088" label="notifications_48dp_FILL0_wght400_GRAD0_opsz48.png Copy" startTime="0" endTime="2032" fillType="media" fillImage="content://media/external/images/media/1000092360" mediaFillMode="fill" s=".rect">
    <transform>
      <location value="1843.666748,76.166748,0.000000" />
    </transform>
    <effect id="com.alightcreative.gradientmap" locallyApplied="true">
      <property name="color1" type="color" value="#ff3f6a29" />
      <property name="color2" type="color" value="#ff3f6a29" />
    </effect>
    <property name="size" type="vec2" value="29.333374,29.333374" />
  </shape>
  <shape id="10065099" label="home_48dp_FILL0_wght400_GRAD0_opsz48 (1).png" startTime="0" endTime="2032" fillType="media" fillImage="content://media/external/images/media/1000092334" mediaFillMode="fill" s=".rect">
    <transform>
      <location value="79.666626,76.166748,0.000000" />
      <scale value="0.536932,0.536932" />
    </transform>
    <effect id="com.alightcreative.gradientmap" locallyApplied="true">
      <property name="color1" type="color" value="#ff3f6a29" />
      <property name="color2" type="color" value="#ff3f6a29" />
    </effect>
    <property name="size" type="vec2" value="58.666595,58.666595" />
  </shape>
  <shape id="10065100" label="home_48dp_FILL0_wght400_GRAD0_opsz48 (1).png Copy" startTime="0" endTime="2032" fillType="media" fillImage="content://media/external/images/media/1000092361" mediaFillMode="fill" s=".rect">
    <transform>
      <location value="79.666626,192.500122,0.000000" />
      <scale value="0.536932,0.536932" />
    </transform>
    <effect id="com.alightcreative.gradientmap" locallyApplied="true">
      <property name="color1" type="color" value="#ff3f6a29" />
      <property name="color2" type="color" value="#ff3f6a29" />
    </effect>
    <property name="size" type="vec2" value="58.666595,58.666595" />
  </shape>
  <shape id="10065103" label="home_48dp_FILL0_wght400_GRAD0_opsz48 (1).png Copy 2" startTime="0" endTime="2032" fillType="media" fillImage="content://media/external/images/media/1000092331" mediaFillMode="fill" s=".rect">
    <transform>
      <location value="79.666626,310.000122,0.000000" />
      <scale value="0.536932,0.536932" />
    </transform>
    <effect id="com.alightcreative.gradientmap" locallyApplied="true">
      <property name="color1" type="color" value="#ff3f6a29" />
      <property name="color2" type="color" value="#ff3f6a29" />
    </effect>
    <property name="size" type="vec2" value="58.666595,58.666595" />
  </shape>
  <shape id="10065105" label="home_48dp_FILL0_wght400_GRAD0_opsz48 (1).png Copy 3" startTime="0" endTime="2032" fillType="media" fillImage="content://media/external/images/media/1000092362" mediaFillMode="fill" s=".rect">
    <transform>
      <location value="79.666626,425.031006,0.000000" />
      <scale value="0.536932,0.536932" />
    </transform>
    <effect id="com.alightcreative.gradientmap" locallyApplied="true">
      <property name="color1" type="color" value="#ff3f6a29" />
      <property name="color2" type="color" value="#ff3f6a29" />
    </effect>
    <property name="size" type="vec2" value="58.666595,58.666595" />
  </shape>
  <shape id="10065107" label="home_48dp_FILL0_wght400_GRAD0_opsz48 (1).png Copy 4" startTime="0" endTime="2032" fillType="media" fillImage="content://media/external/images/media/1000090306" mediaFillMode="fill" s=".rect">
    <transform>
      <location value="79.666626,540.000000,0.000000" />
      <scale value="0.536932,0.536932" />
    </transform>
    <effect id="com.alightcreative.gradientmap" locallyApplied="true">
      <property name="color1" type="color" value="#ff3f6a29" />
      <property name="color2" type="color" value="#ff3f6a29" />
    </effect>
    <property name="size" type="vec2" value="58.666595,58.666595" />
  </shape>
  <shape id="10065109" label="home_48dp_FILL0_wght400_GRAD0_opsz48 (1).png Copy 5" startTime="0" endTime="2032" fillType="media" fillImage="content://media/external/images/media/1000090307" mediaFillMode="fill" s=".rect">
    <transform>
      <location value="79.666626,660.806396,0.000000" />
      <scale value="0.536932,0.536932" />
    </transform>
    <effect id="com.alightcreative.gradientmap" locallyApplied="true">
      <property name="color1" type="color" value="#ff3f6a29" />
      <property name="color2" type="color" value="#ff3f6a29" />
    </effect>
    <property name="size" type="vec2" value="58.666595,58.666595" />
  </shape>
  <text id="10065140" label="Nama kelas kalian Copy 3" startTime="0" endTime="2032" fillType="color" mediaFillMode="fill" size="14.000000" font="imported?name=ABeeZee-Regular.ttf" wrapWidth="934" align="left">
    <transform>
      <location value="612.999817,310.000122,0.000000" />
    </transform>
    <fillColor value="#ff3f6a29" />
    <content>Film</content>
  </text>
  <text id="10065143" label="Nama kelas kalian Copy 6" startTime="0" endTime="2032" fillType="color" mediaFillMode="fill" size="14.000000" font="imported?name=ABeeZee-Regular.ttf" wrapWidth="934" align="left">
    <transform>
      <location value="612.999817,425.031006,0.000000" />
    </transform>
    <fillColor value="#ff3f6a29" />
    <content>Populer</content>
  </text>
  <text id="10065144" label="Nama kelas kalian Copy 7" startTime="0" endTime="2032" fillType="color" mediaFillMode="fill" size="14.000000" font="imported?name=ABeeZee-Regular.ttf" wrapWidth="934" align="left">
    <transform>
      <location value="612.999817,540.000000,0.000000" />
    </transform>
    <fillColor value="#ff3f6a29" />
    <content>Daftarku</content>
  </text>
  <text id="10065145" label="Nama kelas kalian Copy 8" startTime="0" endTime="2032" fillType="color" mediaFillMode="fill" size="14.000000" font="imported?name=ABeeZee-Regular.ttf" wrapWidth="934" align="left">
    <transform>
      <location value="612.999817,660.806396,0.000000" />
    </transform>
    <fillColor value="#ff3f6a29" />
    <content>Tonton kembali</content>
  </text>
  <text id="10065141" label="Nama kelas kalian Copy 4" startTime="0" endTime="2032" fillType="color" mediaFillMode="fill" size="14.000000" font="imported?name=ABeeZee-Regular.ttf" wrapWidth="934" align="left">
    <transform>
      <location value="612.999817,192.500122,0.000000" />
    </transform>
    <fillColor value="#ff3f6a29" />
    <content>Acara TV</content>
  </text>
  <text id="10065142" label="Nama kelas kalian Copy 5" startTime="0" endTime="2032" fillType="color" mediaFillMode="fill" size="14.000000" font="imported?name=ABeeZee-Regular.ttf" wrapWidth="934" align="left">
    <transform>
      <location value="612.999817,76.166748,0.000000" />
    </transform>
    <fillColor value="#ff3f6a29" />
    <content>Beranda</content>
  </text>
  <text id="10065150" label="Nama kelas kalian Copy" startTime="0" endTime="2032" fillType="color" mediaFillMode="fill" size="14.000000" font="imported?name=ABeeZee-Regular.ttf" wrapWidth="934" align="left">
    <transform>
      <location value="1053.672729,76.166748,0.000000" />
    </transform>
    <fillColor value="#ff3f6a29" />
    <content>Tanggal hari ini dibuat</content>
  </text>
  <shape id="10065146" label="Rounded Rectangle 2" startTime="0" endTime="2032" fillType="color" mediaFillMode="fill" s=".roundrect">
    <transform>
      <location value="842.000000,310.000122,0.000000" />
      <scale value="0.790493,0.790493" />
    </transform>
    <fillColor value="#ffb7f298" />
    <property name="size" type="vec2" value="322.997681,152.596207" />
    <property name="cornerRadius" type="float" value="107.666626" />
  </shape>
  <shape id="10065149" label="Rounded Rectangle 2 Copy 3" startTime="0" endTime="2032" fillType="color" mediaFillMode="fill" s=".roundrect">
    <transform>
      <location value="1231.924805,770.767334,0.000000" />
      <scale value="0.790493,0.790493" />
    </transform>
    <fillColor value="#ffb7f298" />
    <property name="size" type="vec2" value="816.265625,348.638214" />
    <property name="cornerRadius" type="float" value="107.666626" />
  </shape>
  <shape id="10065147" label="Rounded Rectangle 2 Copy" startTime="0" endTime="2032" fillType="color" mediaFillMode="fill" s=".roundrect">
    <transform>
      <location value="1396.784912,310.000122,0.000000" />
      <scale value="0.790493,0.790493" />
    </transform>
    <fillColor value="#ffb7f298" />
    <property name="size" type="vec2" value="322.997681,152.596207" />
    <property name="cornerRadius" type="float" value="107.666626" />
  </shape>
  <shape id="10065148" label="Rounded Rectangle 2 Copy 2" startTime="0" endTime="2032" fillType="color" mediaFillMode="fill" s=".roundrect">
    <transform>
      <location value="1961.327393,310.000122,0.000000" />
      <scale value="0.790493,0.790493" />
    </transform>
    <fillColor value="#ffb7f298" />
    <property name="size" type="vec2" value="322.997681,152.596207" />
    <property name="cornerRadius" type="float" value="107.666626" />
  </shape>
</scene>