<?xml version='1.0' encoding='UTF-8' ?><!--
Created by Alight Motion (http://alightmotion.com)
Exported: 2024-06-21 12:52 PM
5.0.38.102932 (102367)
6f0d47a (25 Mei 2023 11.14.20 PM)
-->
<scene title="New Project 68 Copy" width="1080" height="1080" exportWidth="1080" exportHeight="1080" precompose="dynamicResolution" bgcolor="#00000000" totalTime="2032" fps="30" modifiedTime="1718949157192" amver="102367" ffver="106" am="com.alightcreative.motion/5.0.38.102932" amplatform="android" retime="freeze" retimeAdaptFPS="false">
  <shape id="10043802" label="Screenshot_2024-06-05-12-46-46-79_40deb401b9ffe8e1df2f1cc5ba480b12.jpg" hidden="true" startTime="0" endTime="2032" fillType="media" fillImage="content://media/external/images/media/1000089764" mediaFillMode="fill" s=".rect">
    <transform>
      <location value="540.000000,820.500000,0.000000" />
      <scale value="2.222222,2.222222" />
    </transform>
    <property name="size" type="vec2" value="243.000000,540.000000" />
  </shape>
  <shape id="10043799" label="Rounded Rectangle 1" startTime="0" endTime="2032" fillType="color" mediaFillMode="fill" s=".roundrect">
    <transform>
      <location value="540.000000,540.000000,0.000000" />
    </transform>
    <fillColor value="#ff3f6a29" />
    <path-stroke direction="centered" end-size="1.500000">
      <color value="#ff3f6a29" />
      <size value="22.000000" />
    </path-stroke>
    <property name="size" type="vec2" value="271.000000,161.500061" />
    <property name="cornerRadius" type="float" value="428.500000" />
  </shape>
  <shape id="10043798" label="Circle 1" startTime="0" endTime="2032" fillType="color" mediaFillMode="fill" s=".circle">
    <transform>
      <location value="647.500000,540.000000,0.000000" />
      <scale value="2.147541,2.147541" />
    </transform>
    <fillColor value="#fff3f5e8" />
    <property name="size" type="vec2" value="61.000000,61.000000" />
  </shape>
</scene>