<?xml version='1.0' encoding='UTF-8' ?><!--
Created by Alight Motion (http://alightmotion.com)
Exported: 2024-06-21 12:51 PM
5.0.38.102932 (102367)
6f0d47a (25 Mei 2023 11.14.20 PM)
-->
<scene title="New Project 100 Copy Copy 2" width="1920" height="1080" exportWidth="1920" exportHeight="1080" precompose="dynamicResolution" bgcolor="#ff000000" totalTime="2032" fps="30" modifiedTime="1718949090041" amver="102367" ffver="106" am="com.alightcreative.motion/5.0.38.102932" amplatform="android" retime="freeze" retimeAdaptFPS="false">
  <shape id="10065113" label="Rectangle 1 Copy" startTime="0" endTime="2032" fillType="color" mediaFillMode="fill" s=".rect">
    <transform>
      <location value="960.000000,540.000000,0.000000" />
      <scale value="7.578950,0.600890" />
    </transform>
    <fillColor value="#fff3f5e8" />
    <property name="size" type="vec2" value="126.666626,898.666626" />
  </shape>
  <shape id="10065211" label="Rectangle 1 Copy 2" startTime="0" endTime="2032" fillType="color" mediaFillMode="fill" s=".rect">
    <transform>
      <location value="48.499969,540.000000,0.000000" />
    </transform>
    <fillColor value="#fff3f5e8" />
    <path-stroke direction="centered" end-size="1.500000">
      <color value="#ff3f6a29" />
      <size value="3.000000" />
    </path-stroke>
    <property name="size" type="vec2" value="477.333252,898.666626" />
  </shape>
  <shape id="10065098" label="Rectangle 1" startTime="0" endTime="2032" fillType="color" mediaFillMode="fill" s=".rect">
    <transform>
      <location value="-123.500031,540.000000,0.000000" />
    </transform>
    <fillColor value="#fff3f5e8" />
    <path-stroke direction="centered" end-size="1.500000">
      <color value="#ff3f6a29" />
      <size value="3.000000" />
    </path-stroke>
    <property name="size" type="vec2" value="305.333252,898.666626" />
  </shape>
  <shape id="10065201" label="Rounded Rectangle 1" startTime="0" endTime="2032" fillType="color" mediaFillMode="fill" s=".roundrect">
    <transform>
      <location value="79.666626,76.166748,0.000000" />
      <scale value="0.375000,0.375000" />
    </transform>
    <fillColor value="#ffb7f298" />
    <property name="size" type="vec2" value="165.000000,100.000000" />
    <property name="cornerRadius" type="float" value="238.333374" />
  </shape>
  <shape id="10065087" label="notifications_48dp_FILL0_wght400_GRAD0_opsz48.png" startTime="0" endTime="2032" fillType="media" fillImage="content://media/external/images/media/1000089768" mediaFillMode="fill" s=".rect">
    <transform>
      <location value="1622.778809,76.166748,0.000000" />
    </transform>
    <effect id="com.alightcreative.gradientmap" locallyApplied="true">
      <property name="color1" type="color" value="#ff3f6a29" />
      <property name="color2" type="color" value="#ff3f6a29" />
    </effect>
    <property name="size" type="vec2" value="29.333374,29.333374" />
  </shape>
  <shape id="10065155" label="notifications_48dp_FILL0_wght400_GRAD0_opsz48.png Copy 4" startTime="0" endTime="2032" fillType="media" fillImage="content://media/external/images/media/1000092374" mediaFillMode="fill" s=".rect">
    <transform>
      <location value="1384.313599,76.166748,0.000000" />
    </transform>
    <effect id="com.alightcreative.gradientmap" locallyApplied="true">
      <property name="color1" type="color" value="#ff3f6a29" />
      <property name="color2" type="color" value="#ff3f6a29" />
    </effect>
    <property name="size" type="vec2" value="29.333374,29.333374" />
  </shape>
  <shape id="10065153" label="notifications_48dp_FILL0_wght400_GRAD0_opsz48.png Copy 3" startTime="0" endTime="2032" fillType="media" fillImage="content://media/external/images/media/1000090167" mediaFillMode="fill" s=".rect">
    <transform>
      <location value="1504.278809,76.166748,0.000000" />
    </transform>
    <effect id="com.alightcreative.gradientmap" locallyApplied="true">
      <property name="color1" type="color" value="#ff3f6a29" />
      <property name="color2" type="color" value="#ff3f6a29" />
    </effect>
    <property name="size" type="vec2" value="29.333374,29.333374" />
  </shape>
  <shape id="10065089" label="notifications_48dp_FILL0_wght400_GRAD0_opsz48.png Copy 2" startTime="0" endTime="2032" fillType="media" fillImage="content://media/external/images/media/1000091049" mediaFillMode="fill" s=".rect">
    <transform>
      <location value="1735.333496,76.166748,0.000000" />
    </transform>
    <effect id="com.alightcreative.gradientmap" locallyApplied="true">
      <property name="color1" type="color" value="#ff3f6a29" />
      <property name="color2" type="color" value="#ff3f6a29" />
    </effect>
    <property name="size" type="vec2" value="29.333374,29.333374" />
  </shape>
  <shape id="10065088" label="notifications_48dp_FILL0_wght400_GRAD0_opsz48.png Copy" startTime="0" endTime="2032" fillType="media" fillImage="content://media/external/images/media/1000092360" mediaFillMode="fill" s=".rect">
    <transform>
      <location value="1843.666748,76.166748,0.000000" />
    </transform>
    <effect id="com.alightcreative.gradientmap" locallyApplied="true">
      <property name="color1" type="color" value="#ff3f6a29" />
      <property name="color2" type="color" value="#ff3f6a29" />
    </effect>
    <property name="size" type="vec2" value="29.333374,29.333374" />
  </shape>
  <shape id="10065099" label="home_48dp_FILL0_wght400_GRAD0_opsz48 (1).png" startTime="0" endTime="2032" fillType="media" fillImage="content://media/external/images/media/1000092334" mediaFillMode="fill" s=".rect">
    <transform>
      <location value="79.666626,76.166748,0.000000" />
      <scale value="0.536932,0.536932" />
    </transform>
    <effect id="com.alightcreative.gradientmap" locallyApplied="true">
      <property name="color1" type="color" value="#ff3f6a29" />
      <property name="color2" type="color" value="#ff3f6a29" />
    </effect>
    <property name="size" type="vec2" value="58.666595,58.666595" />
  </shape>
  <shape id="10065100" label="home_48dp_FILL0_wght400_GRAD0_opsz48 (1).png Copy" startTime="0" endTime="2032" fillType="media" fillImage="content://media/external/images/media/1000092361" mediaFillMode="fill" s=".rect">
    <transform>
      <location value="79.666626,192.500122,0.000000" />
      <scale value="0.536932,0.536932" />
    </transform>
    <effect id="com.alightcreative.gradientmap" locallyApplied="true">
      <property name="color1" type="color" value="#ff3f6a29" />
      <property name="color2" type="color" value="#ff3f6a29" />
    </effect>
    <property name="size" type="vec2" value="58.666595,58.666595" />
  </shape>
  <shape id="10065103" label="home_48dp_FILL0_wght400_GRAD0_opsz48 (1).png Copy 2" startTime="0" endTime="2032" fillType="media" fillImage="content://media/external/images/media/1000092331" mediaFillMode="fill" s=".rect">
    <transform>
      <location value="79.666626,310.000122,0.000000" />
      <scale value="0.536932,0.536932" />
    </transform>
    <effect id="com.alightcreative.gradientmap" locallyApplied="true">
      <property name="color1" type="color" value="#ff3f6a29" />
      <property name="color2" type="color" value="#ff3f6a29" />
    </effect>
    <property name="size" type="vec2" value="58.666595,58.666595" />
  </shape>
  <shape id="10065105" label="home_48dp_FILL0_wght400_GRAD0_opsz48 (1).png Copy 3" startTime="0" endTime="2032" fillType="media" fillImage="content://media/external/images/media/1000092362" mediaFillMode="fill" s=".rect">
    <transform>
      <location value="79.666626,425.031006,0.000000" />
      <scale value="0.536932,0.536932" />
    </transform>
    <effect id="com.alightcreative.gradientmap" locallyApplied="true">
      <property name="color1" type="color" value="#ff3f6a29" />
      <property name="color2" type="color" value="#ff3f6a29" />
    </effect>
    <property name="size" type="vec2" value="58.666595,58.666595" />
  </shape>
  <shape id="10065107" label="home_48dp_FILL0_wght400_GRAD0_opsz48 (1).png Copy 4" startTime="0" endTime="2032" fillType="media" fillImage="content://media/external/images/media/1000090306" mediaFillMode="fill" s=".rect">
    <transform>
      <location value="79.666626,540.000000,0.000000" />
      <scale value="0.536932,0.536932" />
    </transform>
    <effect id="com.alightcreative.gradientmap" locallyApplied="true">
      <property name="color1" type="color" value="#ff3f6a29" />
      <property name="color2" type="color" value="#ff3f6a29" />
    </effect>
    <property name="size" type="vec2" value="58.666595,58.666595" />
  </shape>
  <shape id="10065109" label="home_48dp_FILL0_wght400_GRAD0_opsz48 (1).png Copy 5" startTime="0" endTime="2032" fillType="media" fillImage="content://media/external/images/media/1000090307" mediaFillMode="fill" s=".rect">
    <transform>
      <location value="79.666626,660.806396,0.000000" />
      <scale value="0.536932,0.536932" />
    </transform>
    <effect id="com.alightcreative.gradientmap" locallyApplied="true">
      <property name="color1" type="color" value="#ff3f6a29" />
      <property name="color2" type="color" value="#ff3f6a29" />
    </effect>
    <property name="size" type="vec2" value="58.666595,58.666595" />
  </shape>
  <text id="10065150" label="Nama kelas kalian Copy" startTime="0" endTime="2032" fillType="color" mediaFillMode="fill" size="14.000000" font="imported?name=ABeeZee-Regular.ttf" wrapWidth="934" align="left">
    <transform>
      <location value="712.500000,76.166748,0.000000" />
    </transform>
    <fillColor value="#ff3f6a29" />
    <content>Meja kode</content>
  </text>
  <text id="10065212" label="Nama kelas kalian Copy 2" startTime="0" endTime="2032" fillType="color" mediaFillMode="fill" size="10.000000" font="imported?name=JetBrainsMono-VariableFont_wght.ttf" wrapWidth="934" align="left">
    <transform>
      <location value="712.500000,186.500153,0.000000" />
    </transform>
    <fillColor value="#ff3f6a29" />
    <content>java</content>
  </text>
  <text id="10065213" label="Nama kelas kalian Copy 3" startTime="0" endTime="2032" fillType="color" mediaFillMode="fill" size="8.000000" font="imported?name=JetBrainsMono-VariableFont_wght.ttf" wrapWidth="934" align="left">
    <transform>
      <location value="749.000000,240.500092,0.000000" />
    </transform>
    <fillColor value="#ff3f6a29" />
    <content>Perkenalkan.kt</content>
  </text>
  <shape id="10065149" label="Rounded Rectangle 2 Copy 3" startTime="0" endTime="2032" fillType="color" mediaFillMode="fill" s=".roundrect">
    <transform>
      <location value="1086.915649,598.938599,0.000000" />
      <scale value="0.790493,0.790493" />
    </transform>
    <fillColor value="#ff1b1c1e" />
    <property name="size" type="vec2" value="562.000000,501.466888" />
    <property name="cornerRadius" type="float" value="44.427238" />
  </shape>
  <shape id="10065214" label="Rounded Rectangle 2 Copy" startTime="0" endTime="2032" fillType="color" mediaFillMode="fill" s=".roundrect">
    <transform>
      <location value="1723.833496,602.906250,0.000000" />
      <scale value="0.790493,0.790493" />
    </transform>
    <fillColor value="#ff1b1c1e" />
    <property name="size" type="vec2" value="222.615051,501.466888" />
    <property name="cornerRadius" type="float" value="44.427238" />
  </shape>
  <text id="10065202" startTime="0" endTime="2032" fillType="color" mediaFillMode="fill" size="9.000000" font="imported?name=JetBrainsMono-VariableFont_wght.ttf" wrapWidth="928" align="left">
    <transform>
      <location value="1144.500000,325.166626,0.000000" />
    </transform>
    <fillColor value="#ffbebebe" />
    <content>//Nama Anggota, Kurang muridnya?, bisa request saya</content>
  </text>
  <embedScene id="10065223" label="Group 1" startTime="0" endTime="2032" fillType="intrinsic" outTime="2032" mediaFillMode="fill">
    <transform>
      <location value="1558.945435,310.000122,0.000000" />
      <pivot value="184.500000,45.333374" />
      <scale value="0.345905,0.345905" />
    </transform>
    <fillColor value="#ff000000" />
    <scene title="" width="1920" height="1080" exportWidth="1920" exportHeight="1080" precompose="dynamicResolution" bgcolor="#00000000" totalTime="2032" fps="30" modifiedTime="0" amver="102367" ffver="106" am="com.alightcreative.motion/5.0.38.102932" amplatform="android" retime="off" retimeAdaptFPS="false">
      <text id="10065219" label="//Nama Anggota, Kurang muridnya?, bisa request saya Copy 2" startTime="0" endTime="2032" fillType="color" mediaFillMode="fill" size="9.000000" font="imported?name=JetBrainsMono-VariableFont_wght.ttf" wrapWidth="928" align="left">
        <transform>
          <location value="1144.500000,325.166626,0.000000" />
        </transform>
        <fillColor value="#ffbebebe" />
        <content>//Nama Anggota, Kurang muridnya?, bisa request saya</content>
      </text>
      <text id="10065220" label="//Nama Anggota, Kurang muridnya?, bisa request saya Copy 3" startTime="0" endTime="2032" fillType="color" mediaFillMode="fill" size="9.000000" font="imported?name=JetBrainsMono-VariableFont_wght.ttf" wrapWidth="928" align="left">
        <transform>
          <location value="1144.500000,260.000153,0.000000" />
        </transform>
        <fillColor value="#ffb7f298" />
        <content>Perkenalan.kt • Kotlin</content>
      </text>
      <text id="10065218" label="//Nama Anggota Copy 7" startTime="0" endTime="2032" fillType="color" mediaFillMode="fill" size="9.000000" font="imported?name=JetBrainsMono-VariableFont_wght.ttf" wrapWidth="512" align="left">
        <transform>
          <location value="936.500000,388.666626,0.000000" />
        </transform>
        <fillColor value="#fff6edec" />
        <content>{</content>
      </text>
      <text id="10065222" label="//Nama Anggota Copy 8" startTime="0" endTime="2032" fillType="color" mediaFillMode="fill" size="9.000000" font="imported?name=JetBrainsMono-VariableFont_wght.ttf" wrapWidth="512" align="left">
        <transform>
          <location value="1000.000000,845.666626,0.000000" />
        </transform>
        <fillColor value="#fff6edec" />
        <content>}</content>
      </text>
      <text id="10065221" label="//Nama Anggota Copy 9" startTime="0" endTime="2032" fillType="color" mediaFillMode="fill" size="9.000000" font="imported?name=JetBrainsMono-VariableFont_wght.ttf" wrapWidth="512" align="left">
        <transform>
          <location value="936.500000,910.666626,0.000000" />
        </transform>
        <fillColor value="#fff6edec" />
        <content>}</content>
      </text>
      <text id="10065217" label="//Nama Anggota Copy 10" startTime="0" endTime="2032" fillType="color" mediaFillMode="fill" size="9.000000" font="imported?name=JetBrainsMono-VariableFont_wght.ttf" wrapWidth="512" align="left">
        <transform>
          <location value="936.500000,437.166626,0.000000" />
        </transform>
        <fillColor value="#ffb5b2ff" />
        <content>val</content>
      </text>
      <text id="10065216" label="//Nama Anggota Copy 11" startTime="0" endTime="2032" fillType="color" mediaFillMode="fill" size="9.000000" font="imported?name=JetBrainsMono-VariableFont_wght.ttf" wrapWidth="512" align="left">
        <transform>
          <location value="1000.000000,437.166626,0.000000" />
        </transform>
        <fillColor value="#ffe8eaed" />
        <content>string perkenalan {</content>
      </text>
      <text id="10065215" label="//Nama Anggota Copy 12" startTime="0" endTime="2032" fillType="color" mediaFillMode="fill" size="9.000000" font="imported?name=JetBrainsMono-VariableFont_wght.ttf" wrapWidth="512" align="left">
        <transform>
          <location value="1000.000000,629.500000,0.000000" />
        </transform>
        <fillColor value="#ffe8eaed" />
        <content>1
3
4
5
6
7
8
9
10</content>
      </text>
    </scene>
  </embedScene>
  <text id="10065208" label="//Nama Anggota, Kurang muridnya?, bisa request saya Copy" startTime="0" endTime="2032" fillType="color" mediaFillMode="fill" size="9.000000" font="imported?name=JetBrainsMono-VariableFont_wght.ttf" wrapWidth="928" align="left">
    <transform>
      <location value="1144.500000,260.000153,0.000000" />
    </transform>
    <fillColor value="#ffb7f298" />
    <content>Perkenalan.kt • Kotlin</content>
  </text>
  <text id="10065203" label="//Nama Anggota Copy" startTime="0" endTime="2032" fillType="color" mediaFillMode="fill" size="9.000000" font="imported?name=JetBrainsMono-VariableFont_wght.ttf" wrapWidth="512" align="left">
    <transform>
      <location value="936.500000,388.666626,0.000000" />
    </transform>
    <fillColor value="#fff6edec" />
    <content>{</content>
  </text>
  <text id="10065209" label="//Nama Anggota Copy 5" startTime="0" endTime="2032" fillType="color" mediaFillMode="fill" size="9.000000" font="imported?name=JetBrainsMono-VariableFont_wght.ttf" wrapWidth="512" align="left">
    <transform>
      <location value="1000.000000,845.666626,0.000000" />
    </transform>
    <fillColor value="#fff6edec" />
    <content>}</content>
  </text>
  <text id="10065210" label="//Nama Anggota Copy 6" startTime="0" endTime="2032" fillType="color" mediaFillMode="fill" size="9.000000" font="imported?name=JetBrainsMono-VariableFont_wght.ttf" wrapWidth="512" align="left">
    <transform>
      <location value="936.500000,910.666626,0.000000" />
    </transform>
    <fillColor value="#fff6edec" />
    <content>}</content>
  </text>
  <text id="10065204" label="//Nama Anggota Copy 2" startTime="0" endTime="2032" fillType="color" mediaFillMode="fill" size="9.000000" font="imported?name=JetBrainsMono-VariableFont_wght.ttf" wrapWidth="512" align="left">
    <transform>
      <location value="936.500000,437.166626,0.000000" />
    </transform>
    <fillColor value="#ffb5b2ff" />
    <content>val</content>
  </text>
  <text id="10065205" label="//Nama Anggota Copy 3" startTime="0" endTime="2032" fillType="color" mediaFillMode="fill" size="9.000000" font="imported?name=JetBrainsMono-VariableFont_wght.ttf" wrapWidth="512" align="left">
    <transform>
      <location value="1000.000000,437.166626,0.000000" />
    </transform>
    <fillColor value="#ffe8eaed" />
    <content>string perkenalan {</content>
  </text>
  <text id="10065206" label="//Nama Anggota Copy 4" startTime="0" endTime="2032" fillType="color" mediaFillMode="fill" size="9.000000" font="imported?name=JetBrainsMono-VariableFont_wght.ttf" wrapWidth="512" align="left">
    <transform>
      <location value="1000.000000,629.500000,0.000000" />
    </transform>
    <fillColor value="#ffe8eaed" />
    <content>1
3
4
5
6
7
8
9
10</content>
  </text>
</scene>