<?xml version='1.0' encoding='UTF-8' ?><!--
Created by Alight Motion (http://alightmotion.com)
Exported: 2024-06-21 12:54 PM
5.0.38.102932 (102367)
6f0d47a (25 Mei 2023 11.14.20 PM)
-->
<scene title="New Project 100" width="1920" height="1080" exportWidth="1920" exportHeight="1080" precompose="dynamicResolution" bgcolor="#ff000000" totalTime="2032" fps="30" modifiedTime="1718949241827" amver="102367" ffver="106" am="com.alightcreative.motion/5.0.38.102932" amplatform="android" retime="freeze" retimeAdaptFPS="false">
  <shape id="10065113" label="Rectangle 1 Copy" startTime="0" endTime="2032" fillType="color" mediaFillMode="fill" s=".rect">
    <transform>
      <location value="960.000000,540.000000,0.000000" />
      <scale value="7.578950,0.600890" />
    </transform>
    <fillColor value="#fff3f5e8" />
    <property name="size" type="vec2" value="126.666626,898.666626" />
  </shape>
  <shape id="10065098" label="Rectangle 1" startTime="0" endTime="2032" fillType="color" mediaFillMode="fill" s=".rect">
    <transform>
      <location value="42.500000,540.000000,0.000000" />
    </transform>
    <fillColor value="#fff3f5e8" />
    <path-stroke direction="centered" end-size="1.500000">
      <color value="#ff3f6a29" />
      <size value="3.000000" />
    </path-stroke>
    <property name="size" type="vec2" value="126.666626,898.666626" />
  </shape>
  <shape id="10065111" label="Rounded Rectangle 1" startTime="0" endTime="2032" fillType="color" mediaFillMode="fill" s=".roundrect">
    <transform>
      <location value="79.666626,310.000122,0.000000" />
      <scale value="0.375000,0.375000" />
    </transform>
    <fillColor value="#ffb7f298" />
    <property name="size" type="vec2" value="165.000000,100.000000" />
    <property name="cornerRadius" type="float" value="238.333374" />
  </shape>
  <shape id="10065127" label="Rounded Rectangle 1 Copy" startTime="0" endTime="2032" fillType="color" mediaFillMode="fill" s=".roundrect">
    <transform>
      <location value="300.533722,1120.500244,0.000000" />
      <scale value="0.353364,0.353364" />
    </transform>
    <fillColor value="#ff3f6a29" />
    <property name="size" type="vec2" value="222.000000,138.924316" />
    <property name="cornerRadius" type="float" value="25.000000" />
  </shape>
  <shape id="10065087" label="notifications_48dp_FILL0_wght400_GRAD0_opsz48.png" startTime="0" endTime="2032" fillType="media" fillImage="content://media/external/images/media/1000089768" mediaFillMode="fill" s=".rect">
    <transform>
      <location value="1622.778809,76.166748,0.000000" />
    </transform>
    <effect id="com.alightcreative.gradientmap" locallyApplied="true">
      <property name="color1" type="color" value="#ff3f6a29" />
      <property name="color2" type="color" value="#ff3f6a29" />
    </effect>
    <property name="size" type="vec2" value="29.333374,29.333374" />
  </shape>
  <shape id="10065089" label="notifications_48dp_FILL0_wght400_GRAD0_opsz48.png Copy 2" startTime="0" endTime="2032" fillType="media" fillImage="content://media/external/images/media/1000091049" mediaFillMode="fill" s=".rect">
    <transform>
      <location value="1735.333496,76.166748,0.000000" />
    </transform>
    <effect id="com.alightcreative.gradientmap" locallyApplied="true">
      <property name="color1" type="color" value="#ff3f6a29" />
      <property name="color2" type="color" value="#ff3f6a29" />
    </effect>
    <property name="size" type="vec2" value="29.333374,29.333374" />
  </shape>
  <shape id="10065088" label="notifications_48dp_FILL0_wght400_GRAD0_opsz48.png Copy" startTime="0" endTime="2032" fillType="media" fillImage="content://media/external/images/media/1000092360" mediaFillMode="fill" s=".rect">
    <transform>
      <location value="1843.666748,76.166748,0.000000" />
    </transform>
    <effect id="com.alightcreative.gradientmap" locallyApplied="true">
      <property name="color1" type="color" value="#ff3f6a29" />
      <property name="color2" type="color" value="#ff3f6a29" />
    </effect>
    <property name="size" type="vec2" value="29.333374,29.333374" />
  </shape>
  <shape id="10065099" label="home_48dp_FILL0_wght400_GRAD0_opsz48 (1).png" startTime="0" endTime="2032" fillType="media" fillImage="content://media/external/images/media/1000092334" mediaFillMode="fill" s=".rect">
    <transform>
      <location value="79.666626,76.166748,0.000000" />
      <scale value="0.536932,0.536932" />
    </transform>
    <effect id="com.alightcreative.gradientmap" locallyApplied="true">
      <property name="color1" type="color" value="#ff3f6a29" />
      <property name="color2" type="color" value="#ff3f6a29" />
    </effect>
    <property name="size" type="vec2" value="58.666595,58.666595" />
  </shape>
  <shape id="10065100" label="home_48dp_FILL0_wght400_GRAD0_opsz48 (1).png Copy" startTime="0" endTime="2032" fillType="media" fillImage="content://media/external/images/media/1000092361" mediaFillMode="fill" s=".rect">
    <transform>
      <location value="79.666626,192.500122,0.000000" />
      <scale value="0.536932,0.536932" />
    </transform>
    <effect id="com.alightcreative.gradientmap" locallyApplied="true">
      <property name="color1" type="color" value="#ff3f6a29" />
      <property name="color2" type="color" value="#ff3f6a29" />
    </effect>
    <property name="size" type="vec2" value="58.666595,58.666595" />
  </shape>
  <shape id="10065103" label="home_48dp_FILL0_wght400_GRAD0_opsz48 (1).png Copy 2" startTime="0" endTime="2032" fillType="media" fillImage="content://media/external/images/media/1000092331" mediaFillMode="fill" s=".rect">
    <transform>
      <location value="79.666626,310.000122,0.000000" />
      <scale value="0.536932,0.536932" />
    </transform>
    <effect id="com.alightcreative.gradientmap" locallyApplied="true">
      <property name="color1" type="color" value="#ff3f6a29" />
      <property name="color2" type="color" value="#ff3f6a29" />
    </effect>
    <property name="size" type="vec2" value="58.666595,58.666595" />
  </shape>
  <shape id="10065105" label="home_48dp_FILL0_wght400_GRAD0_opsz48 (1).png Copy 3" startTime="0" endTime="2032" fillType="media" fillImage="content://media/external/images/media/1000092362" mediaFillMode="fill" s=".rect">
    <transform>
      <location value="79.666626,425.031006,0.000000" />
      <scale value="0.536932,0.536932" />
    </transform>
    <effect id="com.alightcreative.gradientmap" locallyApplied="true">
      <property name="color1" type="color" value="#ff3f6a29" />
      <property name="color2" type="color" value="#ff3f6a29" />
    </effect>
    <property name="size" type="vec2" value="58.666595,58.666595" />
  </shape>
  <shape id="10065107" label="home_48dp_FILL0_wght400_GRAD0_opsz48 (1).png Copy 4" startTime="0" endTime="2032" fillType="media" fillImage="content://media/external/images/media/1000090306" mediaFillMode="fill" s=".rect">
    <transform>
      <location value="79.666626,540.000000,0.000000" />
      <scale value="0.536932,0.536932" />
    </transform>
    <effect id="com.alightcreative.gradientmap" locallyApplied="true">
      <property name="color1" type="color" value="#ff3f6a29" />
      <property name="color2" type="color" value="#ff3f6a29" />
    </effect>
    <property name="size" type="vec2" value="58.666595,58.666595" />
  </shape>
  <shape id="10065109" label="home_48dp_FILL0_wght400_GRAD0_opsz48 (1).png Copy 5" startTime="0" endTime="2032" fillType="media" fillImage="content://media/external/images/media/1000090307" mediaFillMode="fill" s=".rect">
    <transform>
      <location value="79.666626,671.500000,0.000000" />
      <scale value="0.536932,0.536932" />
    </transform>
    <effect id="com.alightcreative.gradientmap" locallyApplied="true">
      <property name="color1" type="color" value="#ff3f6a29" />
      <property name="color2" type="color" value="#ff3f6a29" />
    </effect>
    <property name="size" type="vec2" value="58.666595,58.666595" />
  </shape>
  <text id="10065115" startTime="0" endTime="2032" fillType="color" mediaFillMode="fill" size="24.000000" font="imported?name=ABeeZee-Regular.ttf" wrapWidth="934" align="left">
    <transform>
      <location value="699.999878,425.531006,0.000000" />
    </transform>
    <fillColor value="#ff3f6a29" />
    <content>Nama kelas kalian</content>
  </text>
  <text id="10065116" label="Nama kelas kalian Copy" startTime="0" endTime="2032" fillType="color" mediaFillMode="fill" size="14.000000" font="googlefonts?name=ABeeZee&amp;weight=400&amp;italic=1" wrapWidth="934" align="left">
    <transform>
      <location value="699.999878,483.000000,0.000000" />
    </transform>
    <fillColor value="#ff3f6a29" />
    <content>Tahun • Best Class Ever</content>
  </text>
  <text id="10065118" label="Nama kelas kalian Copy 2" startTime="0" endTime="2032" fillType="color" mediaFillMode="fill" size="11.000000" font="googlefonts?name=ABeeZee&amp;weight=400&amp;italic=1" wrapWidth="934" align="left">
    <transform>
      <location value="699.999878,810.166626,0.000000" />
    </transform>
    <fillColor value="#ff3f6a29" />
    <content>Kata kata</content>
  </text>
  <shape id="10065119" label="Rounded Rectangle 2" startTime="0" endTime="2032" fillType="color" mediaFillMode="fill" s=".roundrect">
    <transform>
      <location value="379.222015,642.139771,0.000000" />
    </transform>
    <fillColor value="#ffb7f298" />
    <property name="size" type="vec2" value="146.222137,59.139755" />
    <property name="cornerRadius" type="float" value="259.069275" />
  </shape>
  <shape id="10065120" label="Rounded Rectangle 2 Copy" startTime="0" endTime="2032" fillType="color" mediaFillMode="fill" s=".roundrect">
    <transform>
      <location value="793.111450,643.860229,0.000000" />
    </transform>
    <fillColor value="#ffb7f298" />
    <property name="size" type="vec2" value="238.222076,59.139755" />
    <property name="cornerRadius" type="float" value="259.069275" />
  </shape>
  <text id="10065121" startTime="0" endTime="2032" fillType="color" mediaFillMode="fill" size="12.000000" font="imported?name=ABeeZee-Regular.ttf" wrapWidth="512" align="left">
    <transform>
      <location value="621.499878,642.139771,0.000000" />
    </transform>
    <fillColor value="#ff3f6a29" />
    <content>Mulai</content>
  </text>
  <text id="10065124" label="Wishlist Copy" startTime="0" endTime="2032" fillType="color" mediaFillMode="fill" size="12.000000" font="imported?name=ABeeZee-Regular.ttf" wrapWidth="512" align="left">
    <transform>
      <location value="948.499878,642.139771,0.000000" />
    </transform>
    <fillColor value="#ff3f6a29" />
    <content>Daftar Keinginan</content>
  </text>
  <shape id="10065122" label="add_48dp_FILL0_wght400_GRAD0_opsz48.png" startTime="0" endTime="2032" fillType="media" fillImage="content://media/external/images/media/1000092364" mediaFillMode="fill" s=".rect">
    <transform>
      <location value="634.999878,642.139771,0.000000" />
      <scale value="0.732142,0.732142" />
    </transform>
    <effect id="com.alightcreative.gradientmap" locallyApplied="true">
      <property name="color1" type="color" value="#ff3f6a29" />
      <property name="color2" type="color" value="#ff3f6a29" />
    </effect>
    <property name="size" type="vec2" value="56.000061,56.000061" />
  </shape>
  <shape id="10065123" label="add_48dp_FILL0_wght400_GRAD0_opsz48.png Copy" startTime="0" endTime="2032" fillType="media" fillImage="content://media/external/images/media/1000092363" mediaFillMode="fill" s=".rect">
    <transform>
      <location value="303.833374,642.139771,0.000000" />
      <scale value="0.732142,0.732142" />
    </transform>
    <effect id="com.alightcreative.gradientmap" locallyApplied="true">
      <property name="color1" type="color" value="#ff3f6a29" />
      <property name="color2" type="color" value="#ff3f6a29" />
    </effect>
    <property name="size" type="vec2" value="56.000061,56.000061" />
  </shape>
  <text id="10065126" startTime="0" endTime="2032" fillType="color" mediaFillMode="fill" size="10.000000" font="imported?name=ABeeZee-Regular.ttf" wrapWidth="512" align="center">
    <transform>
      <location value="300.533691,1046.909302,0.000000" />
    </transform>
    <fillColor value="#ff3f6a29" />
    <content>Tentang</content>
  </text>
  <text id="10065128" label="About us Copy" startTime="0" endTime="2032" fillType="color" mediaFillMode="fill" size="10.000000" font="imported?name=ABeeZee-Regular.ttf" wrapWidth="512" align="center">
    <transform>
      <location value="488.086792,1046.909302,0.000000" />
    </transform>
    <fillColor value="#ff252a30" />
    <content>Episode</content>
  </text>
  <text id="10065129" label="About us Copy 2" startTime="0" endTime="2032" fillType="color" mediaFillMode="fill" size="10.000000" font="imported?name=ABeeZee-Regular.ttf" wrapWidth="512" align="center">
    <transform>
      <location value="685.111267,1046.909302,0.000000" />
    </transform>
    <fillColor value="#ff252a30" />
    <content>Ringkasan</content>
  </text>
  <text id="10065130" label="About us Copy 3" startTime="0" endTime="2032" fillType="color" mediaFillMode="fill" size="10.000000" font="imported?name=ABeeZee-Regular.ttf" wrapWidth="512" align="center">
    <transform>
      <location value="896.524292,1046.909302,0.000000" />
    </transform>
    <fillColor value="#ff252a30" />
    <content>Keahlian</content>
  </text>
  <text id="10065131" label="About us Copy 4" startTime="0" endTime="2032" fillType="color" mediaFillMode="fill" size="10.000000" font="imported?name=ABeeZee-Regular.ttf" wrapWidth="512" align="center">
    <transform>
      <location value="1103.333374,1046.909302,0.000000" />
    </transform>
    <fillColor value="#ff252a30" />
    <content>Lainnya</content>
  </text>
</scene>